,CGTCTGTGTTTATTGCTGCGGTTAAAACGTGCGTAGTCTGGTCTATGGCTTGGGTGTAATCCGTGCTTTTCTAGTACGGGTTATTTCAGGTACCTAGACCTTGAGACGGGGATGTGGTAATGTTATTTGGTAGCGAGAGGTGAAATTCGATGACCTACCAAGGAGCAACAGAGGCGAAAGCGATTACCAGGAACCGATCTGACGATCAAGCGCGTGAGCA,GCGATATCCTGGCATGACTGGGCGTAAAGCGTCATCAGGCGGTCTTAATCAGTTTTGAGATAAAAGTAAAGTATATTTCTTAATAGTGTAAAGACTTAGAGGACGAAAGAAGTAAACGGTACTCTCAAATTTTAGGGGTGACATCACTGTAACATTAGATGGAACCATCATTGGGTGATTACGTTTACATGTATCGTTTAATTATATTCCTGGACGCTATTAGACGAAAG,TGATGGCCGATCTTATTGGGCCTAAAGCGTCCGTAGCTGGCCGCGCAAGTCTATCGGGAAATCTATCCGCTCAACGGATAGACGCCCGGTGGAAACTGCGTGGCTTGGGACCGGAAGGCGCGAAGGGTACGTCCGGGGTAGGAGTGAAATCCTGTAATCCTGGACGGACCGCCGATGGCGAAAGCACTTCGCGAGGACGGATCCGACAGTGAGGGACGAAAGCT,TGGTCGGGACGATTATTGGGCCTAAAGCATCCGTAGCCGGTTCTACAAGTCTTCCGTTAAATCCACCTGCTCAACAGATGGGCTGCGGAGGATGCTATAGAGCTAGGAGGCGGGAGAGGCAAGCGGTACTTAGTGGGTAGGGGTAAAATCCGTTGATCCATTGAAGACCACCAGTGGCGAAGGCGGCTTGCCAGAACGCACTCGACGGTGAGGGATGAAAGCT,TGGTGGTCGTTATTATTGGGCCTAAAACGTCCGTAGCCGGTTTGGTAAATGCCTGTGTAAATCGAACGGCTTAACCGTTCGCCTTGCGGGTAGACTGCCAGACTTGGGACCGGGAGAGTCACGAAGTACTCCGGGGGTAGAGGTGAAATTCTGTAATCCTCGGGGGACTACCGGTGGCGAAGGCGTCGTGATAGAACGGCTCCGACGGTGAGGGACGAAGCCC,TGTCGTCGCTTTTATTGGGCCTAAAACGTCCGTAGCCTGTTTGGTAAATCTGTGGGTAAATCAACCAGCTTAACTGGTTGAATTCTGCAGAGACTGCCAGACTAGGGACCGGGAGAGGTGTGGGGTACTCTAGGGGTAGGGGTAAAATCCTGTCATCCTTAGAGGACCACCAGTTGCGAAGGCGCCACACTAGAACGGATCCGACGGTCAGGGACGAGGCCT,TGTCTGTGGTGGATGCTGCAGTTAAAAAGTCCGTAGTCTTATCAGCTGGGATGGTCTTAGATTGAATAGGAATGACCTGCTGGGAATAGCGGAGCGGACGGAGTACGTAGAATGCATGGGCGAGCGATGGAATGCCAGGACCCCATGTGGACTAGCAGAGGCGAAGGCGACGTACGAGTACGGATCCGAGGATCAAGGACGAAGGCC,TGTTATTCATGTTTAATCGGTTTAAAGGGTACCTAGACAGAAAACCAAGCCTAGCCAGGTACTAGTTTTCTAGAGTTTTATGTGTGAATAGCGAATTATCAGAGCAGGGTCGGAATCCTCTAATCCTGGTAGGACGGGTAACGGCAAAGGTTCTATTCTATGTATAAACTGACGTTGAGGGACGAAGCCT
220410_Pyro_plank_102_16S.16S.exp.,,,,,,,,14.0
220410_Pyro_water_32_16S.16S.exp.,,,,,,,4.0,
220410_Pyro_leaf_158_16S.16S.exp.,,,,,,,2.0,
220410_Pyro_plank_101_16S.16S.exp.,3.0,,,,,,,
220410_Pyro_plank_116_16S.16S.exp.,,,,,,,,3.0
220410_Pyro_plank_107_16S.16S.exp.,,,,,,,6.0,
220410_Pyro_water_87_16S.16S.exp.,,,,,,,16.0,
220410_Pyro_leaf_129_16S.16S.exp.,,8.0,,,,,,
220410_Pyro_leaf_181_16S.16S.exp.,,,,,,,3.0,
220410_Pyro_leaf_167_16S.16S.exp.,,,,,,,4.0,
220410_Pyro_plank_112_16S.16S.exp.,5.0,,,1.2857142857142858,,,,2.0
220410_Pyro_water_66_16S.16S.exp.,,,,,,,14.0,
220410_Pyro_water_29_16S.16S.exp.,,,,,4.0,,,
220410_Pyro_plank_120_16S.16S.exp.,,,13.95,,,,,
220410_Pyro_plank_98_16S.16S.exp.,,,,,,3.0,,
220410_Pyro_plank_104_16S.16S.exp.,,,,,,,,24.0
